SIDD,OBJ,SLR_1,SSLR_1.1,SSLR_1.2,SLR_2,SSLR_2.1,SSLR_2.2,SSLR_2.3,SLR_3,SSLR_3.1,SSLR_3.2,SSLR_3.3,SSLR_3.4,SSLR_3.5,SSLR_3.6,SLR_4,SSLR_4.1,SSLR_4.2,SSLR_4.3,SLR_5,SSLR_5.1
SIDD-006,,,,,,,,,,,,,,,,,,,,,
SIDD-007,,,,,,,,,,,,,,,,,,,,,
SIDD-009,,,,,,,,,,,,,,,,,,,,,
SIDD-010,,,,,,,,,,,,,,,,,,,,,
SIDD-011,,,,,,,,,,,,,,,,,,,,,
SIDD-012,,,,,,,,,,,,,,,,,,,,,
SIDD-013,,,,,,,,,,,,,,,,,,,,,
SIDD-014,,,,,,,,,,,,,,,,,,,,,
SIDD-015,,,,,,,,,,,,,,,,,,,,,
SIDD-016,,,,,,,,,,,,,,,,,,,,,
SIDD-018,,,,,,,,,,,,,,,,,,,,,
SIDD-019,,,,,,,,,,,,,,,,,,,,,
SIDD-020,,,,,,,,,,,,,,,,,,,,,
SIDD-021,,,,,,,,,,,,,,,,,,,,,
SIDD-022,,,,,,,,,,,,,,,,,,,,,
SIDD-023,,,,,,,,,,,,,,,,,,,,,
SIDD-024,,,,,,,,,,,,,,,,,,,,,
SIDD-025,,,,,,,,,,,,,,,,,,,,,
SIDD-026,,,,,,,,,,,,,,,,,,,,,
SIDD-027,,,,,,,,,,,,,,,,,,,,,
SIDD-029,,,,,,,,,,,,,,,,,,,,,
SIDD-030,,,,,,,,,,,,,,,,,,,,,
SIDD-031,,,,,,,,,,,,,,,,,,,,,
SIDD-032,,,,,,,,,,,,,,,,,,,,,
SIDD-033,,,,,,,,,,,,,,,,,,,,,
SIDD-034,,,,,,,,,,,,,,,,,,,,,
SIDD-035,,,,,,,,,,,,,,,,,,,,,
SIDD-036,,,,,,,,,,,,,,,,,,,,,
SIDD-037,,,,,,,,,,,,,,,,,,,,,
SIDD-038,,,,,,,,,,,,,,,,,,,,,
SIDD-039,,,,,,,,,,,,,,,,,,,,,
SIDD-040,,,,,,,,,,,,,,,,,,,,,
SIDD-041,,,,,,,,,,,,,,,,,,,,,
SIDD-042,,,,,,,,,,,,,,,,,,,,,
SIDD-043,,,,,,,,,,,,,,,,,,,,,
SIDD-044,,,,,,,,,,,,,,,,,,,,,
SIDD-045,,,,,,,,,,,,,,,,,,,,,
SIDD-046,,,,,,,,,,,,,,,,,,,,,
SIDD-047,,,,,,,,,,,,,,,,,,,,,
SIDD-048,,,,,,,,,,,,,,,,,,,,,
SIDD-049,,,,,,,,,,,,,,,,,,,,,
SIDD-050,,,,,,,,,,,,,,,,,,,,,
SIDD-051,,,,,,,,,,,,,,,,,,,,,
,OBJ-2,,,,SLR_2.1,SSLR_2.1.11,,,,,,,,,,,,,,,
,OBJ-2,,,,SLR_2.1,SSLR_2.1.12,,,,,,,,,,,,,,,
,OBJ-2,,,,SLR_2.1,SSLR_2.1.13,,,,,,,,,,,,,,,
,OBJ-2,,,,SLR_2.1,SSLR_2.1.14,,,,,,,,,,,,,,,
,OBJ-2,,,,SLR_2.1,SSLR_2.1.15,,,,,,,,,,,,,,,
,OBJ-2,,,,SLR_2.1,SSLR_2.1.16,,,,,,,,,,,,,,,
,OBJ-2,,,,SLR_2.1,SSLR_2.1.2,,,,,,,,,,,,,,,
,OBJ-2,,,,SLR_2.1,SSLR_2.1.7,,,,,,,,,,,,,,,
,OBJ-2,,,,SLR_2.1,SSLR_2.1.8,,,,,,,,,,,,,,,
,OBJ-2,,,,SLR_2.2,,SSLR_2.2.10,,,,,,,,,,,,,,
,OBJ-2,,,,SLR_2.2,,SSLR_2.2.11,,,,,,,,,,,,,,
,OBJ-2,,,,SLR_2.2,,SSLR_2.2.13,,,,,,,,,,,,,,
,OBJ-2,,,,SLR_2.2,,SSLR_2.2.14,,,,,,,,,,,,,,
,OBJ-2,,,,SLR_2.2,,SSLR_2.2.18,,,,,,,,,,,,,,
,OBJ-2,,,,SLR_2.2,,SSLR_2.2.19,,,,,,,,,,,,,,
,OBJ-2,,,,SLR_2.2,,SSLR_2.2.20,,,,,,,,,,,,,,
,OBJ-2,,,,SLR_2.2,,SSLR_2.2.21,,,,,,,,,,,,,,
,OBJ-2,,,,SLR_2.2,,SSLR_2.2.22,,,,,,,,,,,,,,
,OBJ-2,,,,SLR_2.2,,SSLR_2.2.23,,,,,,,,,,,,,,
,OBJ-2,,,,SLR_2.2,,SSLR_2.2.8,,,,,,,,,,,,,,
,OBJ-2,,,,SLR_2.2,,SSLR_2.2.9,,,,,,,,,,,,,,
,OBJ-2,,,,SLR_2.3,,,SSLR_2.3.2,,,,,,,,,,,,,
,OBJ-2,,,,SLR_2.3,,,SSLR_2.3.3,,,,,,,,,,,,,
,OBJ-2,,,,SLR_2.3,,,SSLR_2.3.5,,,,,,,,,,,,,
,OBJ-2,,,,SLR_2.3,,,SSLR_2.3.7,,,,,,,,,,,,,
,OBJ-2,,,,SLR_2.3,,,SSLR_2.3.9,,,,,,,,,,,,,
,OBJ-3,,,,,,,,SLR_3.1,SSLR_3.1.10,,,,,,,,,,,
,OBJ-3,,,,,,,,SLR_3.1,SSLR_3.1.12,,,,,,,,,,,
,OBJ-3,,,,,,,,SLR_3.1,SSLR_3.1.13,,,,,,,,,,,
,OBJ-3,,,,,,,,SLR_3.1,SSLR_3.1.2,,,,,,,,,,,
,OBJ-3,,,,,,,,SLR_3.1,SSLR_3.1.3,,,,,,,,,,,
,OBJ-3,,,,,,,,SLR_3.1,SSLR_3.1.5,,,,,,,,,,,
,OBJ-3,,,,,,,,SLR_3.1,SSLR_3.1.6,,,,,,,,,,,
,OBJ-3,,,,,,,,SLR_3.1,SSLR_3.1.8,,,,,,,,,,,
,OBJ-3,,,,,,,,SLR_3.1,SSLR_3.1.9,,,,,,,,,,,
,OBJ-3,,,,,,,,SLR_3.2,,,,,,,,,,,,
,OBJ-3,,,,,,,,SLR_3.3,,,SSLR_3.3.2,,,,,,,,,
,OBJ-3,,,,,,,,SLR_3.4,,,,,,,,,,,,
,OBJ-3,,,,,,,,SLR_3.5,,,,,SSLR_3.5.2,,,,,,,
,OBJ-3,,,,,,,,SLR_3.5,,,,,SSLR_3.5.3,,,,,,,
,OBJ-3,,,,,,,,SLR_3.5,,,,,SSLR_3.5.4,,,,,,,
,OBJ-3,,,,,,,,SLR_3.5,,,,,SSLR_3.5.5,,,,,,,
,OBJ-3,,,,,,,,SLR_3.5,,,,,SSLR_3.5.6,,,,,,,
,OBJ-3,,,,,,,,SLR_3.6,,,,,,SSLR_3.6.2,,,,,,
,OBJ-3,,,,,,,,SLR_3.6,,,,,,SSLR_3.6.3,,,,,,
,OBJ-3,,,,,,,,SLR_3.6,,,,,,SSLR_3.6.4,,,,,,
,OBJ-4,,,,,,,,,,,,,,,SLR_4.1,SSLR_4.1.2,,,,
,OBJ-4,,,,,,,,,,,,,,,SLR_4.1,SSLR_4.1.3,,,,
,OBJ-4,,,,,,,,,,,,,,,SLR_4.1,SSLR_4.1.4,,,,
,OBJ-4,,,,,,,,,,,,,,,SLR_4.1,SSLR_4.1.5,,,,
,OBJ-4,,,,,,,,,,,,,,,SLR_4.2,,,,,
,OBJ-4,,,,,,,,,,,,,,,SLR_4.3,,,,,
,OBJ-5,,,,,,,,,,,,,,,,,,,SLR_5.1,
